"Status","Start Time","Stop Time","Duration in ms","Parent Suite","Suite","Sub Suite","Test Class","Test Method","Name","Description"
"passed","Sat Nov 05 07:17:43 UTC 2022","Sat Nov 05 07:17:43 UTC 2022","193","Products","","","","","List products",""
"passed","Sat Nov 05 07:17:44 UTC 2022","Sat Nov 05 07:17:44 UTC 2022","41","Users","","","","","Remove user by ID",""
"passed","Sat Nov 05 07:17:43 UTC 2022","Sat Nov 05 07:17:43 UTC 2022","46","Products","","","","","Update product",""
"passed","Sat Nov 05 07:17:43 UTC 2022","Sat Nov 05 07:17:43 UTC 2022","69","Products","","","","","Create product",""
"passed","Sat Nov 05 07:17:44 UTC 2022","Sat Nov 05 07:17:44 UTC 2022","44","Users","","","","","Update user",""
"passed","Sat Nov 05 07:17:44 UTC 2022","Sat Nov 05 07:17:44 UTC 2022","43","Orders","","","","","Update order",""
"passed","Sat Nov 05 07:17:43 UTC 2022","Sat Nov 05 07:17:43 UTC 2022","46","Products","","","","","Get product by ID",""
"passed","Sat Nov 05 07:17:43 UTC 2022","Sat Nov 05 07:17:44 UTC 2022","39","Orders","","","","","Get order by ID",""
"passed","Sat Nov 05 07:17:44 UTC 2022","Sat Nov 05 07:17:44 UTC 2022","38","Users","","","","","Get user by ID",""
"passed","Sat Nov 05 07:17:44 UTC 2022","Sat Nov 05 07:17:44 UTC 2022","35","Users","","","","","Get deleted user by ID",""
"passed","Sat Nov 05 07:17:44 UTC 2022","Sat Nov 05 07:17:44 UTC 2022","37","Users","","","","","Create user",""
"passed","Sat Nov 05 07:17:43 UTC 2022","Sat Nov 05 07:17:43 UTC 2022","48","Products","","","","","Remove product by ID",""
"passed","Sat Nov 05 07:17:43 UTC 2022","Sat Nov 05 07:17:43 UTC 2022","36","Orders","","","","","List orders",""
"passed","Sat Nov 05 07:17:44 UTC 2022","Sat Nov 05 07:17:44 UTC 2022","39","Orders","","","","","Remove order by ID",""
"passed","Sat Nov 05 07:17:44 UTC 2022","Sat Nov 05 07:17:44 UTC 2022","48","Orders","","","","","Create order",""
"passed","Sat Nov 05 07:17:43 UTC 2022","Sat Nov 05 07:17:43 UTC 2022","35","Products","","","","","Get deleted product by ID",""
"passed","Sat Nov 05 07:17:44 UTC 2022","Sat Nov 05 07:17:44 UTC 2022","40","Users","","","","","List users",""
